,rides,total_hours,total_miles,avg_calories,avg_output/min
0,353,147.57999999999998,2391.5600000000004,308.86,6.26
